condition,n_old,n_new,mean_old,mean_new,median_old,median_new,delta_mean,u_statistic,p_value,p_value_fdr
U-Net base,274,93,0.8191705966082803,0.849344684872576,0.801510214805603,0.8338000178337097,-0.030174088264295684,10887.0,0.03601746646642444,0.1441
U-Net geom,274,93,0.8311082044222059,0.8322268397577347,0.8052634000778198,0.8302860260009766,-0.001118635335528806,12129.0,0.4890970909534593,0.4891
DoseGAN base,274,93,0.9024755765486808,0.9022499252391117,0.8654032945632935,0.8897424936294556,0.00022565130956908597,12045.0,0.4314172599714633,0.4891
DoseGAN geom,274,93,0.8188008818313153,0.840817682204708,0.8056508898735046,0.8308712244033813,-0.02201680037339271,11370.0,0.12105817965338456,0.2421
